Loan_ID,Gender,Married,Dependents,Education,Self_Employed,ApplicantIncome,CoapplicantIncome,LoanAmount,Loan_Amount_Term,Credit_History,Property_Area,Loan_Status
LP001,Male,Yes,0,Graduate,No,5849,0,128,360,1,Urban,Y
LP002,Female,No,1,Graduate,No,4583,1508,128,360,1,Rural,N
LP003,Male,Yes,0,Graduate,Yes,3000,0,66,360,1,Urban,Y
LP004,Male,Yes,0,Not Graduate,No,2583,2358,120,360,1,Urban,Y
LP005,Male,No,0,Graduate,No,6000,0,141,360,1,Urban,Y
LP006,Male,Yes,2,Graduate,Yes,5417,4196,267,360,1,Urban,Y
LP007,Female,No,0,Not Graduate,No,2333,1516,95,360,1,Rural,N
LP008,Male,Yes,3,Graduate,No,3036,2504,158,360,0,Semiurban,N
LP009,Male,Yes,2,Graduate,No,4000,1526,113,360,1,Semiurban,Y
LP010,Female,No,0,Graduate,No,3200,0,70,360,1,Urban,Y
LP011,Male,Yes,1,Graduate,No,4300,1800,120,360,1,Rural,Y
LP012,Female,No,0,Graduate,No,3500,0,100,360,1,Urban,Y
LP013,Male,Yes,0,Graduate,No,2700,1500,90,360,1,Rural,N
LP014,Male,Yes,2,Not Graduate,No,2900,1200,110,360,1,Semiurban,Y
LP015,Female,Yes,0,Graduate,No,5500,0,125,360,1,Urban,Y
LP016,Male,No,0,Graduate,Yes,3500,0,100,360,0,Rural,N
LP017,Male,Yes,1,Graduate,No,4500,2000,130,360,1,Semiurban,Y
LP018,Female,No,0,Not Graduate,No,2500,0,80,360,1,Rural,N
LP019,Male,Yes,3,Graduate,Yes,7000,3000,200,360,1,Urban,Y
LP020,Male,Yes,0,Graduate,No,5000,0,140,360,1,Urban,Y
LP021,Female,Yes,1,Graduate,No,4200,1200,115,360,1,Semiurban,Y
LP022,Male,No,2,Graduate,No,2800,1800,100,360,0,Rural,N
LP023,Male,Yes,0,Graduate,No,6200,0,160,360,1,Urban,Y
LP024,Female,No,0,Graduate,No,3100,0,90,360,1,Semiurban,Y
LP025,Male,Yes,1,Not Graduate,No,2600,1500,100,360,1,Rural,N
LP026,Male,Yes,2,Graduate,No,4800,2000,135,360,1,Urban,Y
LP027,Female,No,0,Graduate,Yes,3600,0,110,360,1,Semiurban,Y
LP028,Male,Yes,3,Graduate,No,3900,1800,125,360,1,Rural,Y
LP029,Male,No,0,Not Graduate,No,2400,0,75,360,0,Rural,N
LP030,Female,Yes,1,Graduate,No,5100,1000,130,360,1,Urban,Y
